Account name,Account IBAN,Counteraccount IBAN,Transaction date,Amount,Currency,Detail
Leonila,BE03125086651133,BE17371334185547,Sun Mar 15 07:32:00 CET 2020,4138.63,EUR,Tenetur ut ab molestiae rerum atque.
Leonila,BE03125086651133,BE29540905233038,Mon Mar 16 08:35:28 CET 2020,-1140.47,EUR,Beatae omnis culpa illum dolores aut adipisci.
Leonila,BE03125086651133,BE64714362695889,Wed Feb 26 19:18:58 CET 2020,4364.46,EUR,Modi et iste tempora nisi ut pariatur.
Leonila,BE03125086651133,BE52214928377917,Mon Mar 16 01:47:39 CET 2020,409.37,EUR,Et voluptas nihil.
Leonila,BE03125086651133,BE77980237929770,Tue Mar 10 13:21:04 CET 2020,-2636.57,EUR,Repellat sed eos consequatur molestiae deserunt et.
Leonila,BE03125086651133,BE09179851117635,Mon Mar 09 14:36:07 CET 2020,1271.18,EUR,Quos dolorem reiciendis.
Leonila,BE03125086651133,BE38064849437685,Sun Mar 15 07:33:57 CET 2020,-4552.54,EUR,Id non vel placeat repellat magnam possimus.
Leonila,BE03125086651133,BE32708808783179,Wed Feb 26 03:35:11 CET 2020,-2041.38,EUR,Modi non et cumque.
Leonila,BE03125086651133,BE52627062268820,Wed Mar 11 19:02:08 CET 2020,3123.15,EUR,Voluptatum non occaecati laboriosam cumque.
Leonila,BE03125086651133,BE36933773850704,Sat Mar 07 23:19:46 CET 2020,-4845.03,EUR,Sed eum qui occaecati ullam dignissimos at sit.
Connie,BE88115772075029,BE48661491213473,Mon Mar 09 01:16:33 CET 2020,-4751.89,EUR,Qui voluptate aliquid deserunt et.
Ervin,BE80620237528057,BE86108714490380,Tue Mar 10 21:59:48 CET 2020,-3982.57,EUR,Odit nulla molestias deserunt velit ducimus.
Ervin,BE80620237528057,BE28275721040521,Wed Mar 11 12:16:23 CET 2020,-1990.46,EUR,Dolor quia officia doloremque vel.
Ervin,BE80620237528057,BE90189041181454,Sun Mar 15 21:12:36 CET 2020,-4802.31,EUR,Eligendi distinctio magni blanditiis sed ut aut.
Ervin,BE80620237528057,BE76121098996115,Sat Mar 14 20:20:31 CET 2020,3127.28,EUR,Doloribus ab itaque optio.
Ervin,BE80620237528057,BE94312022365699,Fri Mar 13 03:46:40 CET 2020,3542.54,EUR,Quas distinctio quaerat dolorem qui blanditiis.
Ervin,BE80620237528057,BE20492454620265,Thu Mar 12 13:03:10 CET 2020,4844.43,EUR,Esse doloremque velit.
Ervin,BE80620237528057,BE11665428331037,Sat Mar 14 15:05:20 CET 2020,-490.65,EUR,Animi dolorum ea.
Sherice,BE07649312873329,BE61777426330263,Sat Mar 14 12:29:29 CET 2020,-4026.31,EUR,Ut dolorem cum et quas.
Sherice,BE07649312873329,BE13683804528787,Sun Mar 08 05:56:06 CET 2020,2670.15,EUR,Voluptas et nisi iste quaerat qui ipsum.
Sherice,BE07649312873329,BE30246452366700,Sat Mar 07 22:23:19 CET 2020,-938.32,EUR,Distinctio possimus sed minima eum rerum consequuntur earum.
Sherice,BE07649312873329,BE88555193458076,Fri Mar 13 05:47:23 CET 2020,-3383.32,EUR,Iure nihil laudantium placeat.
Sherice,BE07649312873329,BE16128187634102,Fri Mar 06 16:28:25 CET 2020,2426.05,EUR,Voluptas voluptatibus tenetur.
Sherice,BE07649312873329,BE11123738300937,Tue Mar 10 11:26:40 CET 2020,-1029.19,EUR,Dolore sed velit quibusdam.
Sherice,BE07649312873329,BE37770959841312,Mon Mar 16 12:14:39 CET 2020,3421.07,EUR,Veritatis est vero velit aliquid qui ut corporis.
Sherice,BE07649312873329,BE79547251042366,Fri Feb 21 08:39:15 CET 2020,2911.39,EUR,Voluptatem tempora corrupti iure quis fugiat qui maxime.
Sherice,BE07649312873329,BE83996986496160,Thu Mar 12 21:04:42 CET 2020,-339.09,EUR,Qui repellendus doloribus ipsa.
Kory,BE89513781390745,BE03192109202810,Tue Mar 03 23:06:37 CET 2020,-4420.55,EUR,Totam facilis quo sint.
Juanita,BE25562863993588,BE37874029328901,Wed Mar 04 17:50:36 CET 2020,-3372.74,EUR,Eaque nesciunt consequatur numquam.
Juanita,BE25562863993588,BE73578800175007,Sat Mar 14 21:13:02 CET 2020,2303.87,EUR,Dolor eum voluptatum quia suscipit repellendus.
Juanita,BE25562863993588,BE19867780526175,Sat Mar 07 13:01:52 CET 2020,1029.93,EUR,Excepturi dolores labore quis.
Juanita,BE25562863993588,BE31819105764842,Sat Mar 07 15:05:35 CET 2020,-1421.96,EUR,Repellat et dignissimos odit voluptatem aut eius.
Enoch,BE08399336490835,BE39714836722826,Tue Mar 03 06:38:58 CET 2020,2589.69,EUR,Temporibus placeat temporibus eveniet ducimus voluptatum.
Enoch,BE08399336490835,BE16352588022698,Fri Mar 06 15:00:04 CET 2020,1843.32,EUR,Ea ut et occaecati in dignissimos.
Enoch,BE08399336490835,BE74938283398353,Thu Mar 12 21:29:59 CET 2020,2791.19,EUR,Doloribus laborum et rerum dolores rerum architecto.
Enoch,BE08399336490835,BE94615462628988,Mon Mar 16 09:07:02 CET 2020,4600.58,EUR,Sapiente sunt architecto quo quia modi debitis ea.
Marcene,BE54492369897428,BE27382842993934,Sat Mar 14 02:31:22 CET 2020,-2262.73,EUR,Cumque debitis vel.
Marcene,BE54492369897428,BE34063038474723,Wed Mar 11 17:25:34 CET 2020,-219.67,EUR,Eum aut repudiandae quo et commodi velit corporis.
Marcene,BE54492369897428,BE66336325297163,Sat Mar 14 00:20:40 CET 2020,-3598.25,EUR,Voluptatem aliquid delectus fugiat provident.
Issac,BE38116696370984,BE97722676137234,Sun Mar 15 20:42:14 CET 2020,-1560.94,EUR,Magnam fuga voluptatibus consequuntur sed et consequatur ullam.
Issac,BE38116696370984,BE96363465616875,Thu Mar 05 03:15:42 CET 2020,-4955.28,EUR,Quia velit qui cum perferendis.
Hiedi,BE70392638550479,BE40998186699371,Thu Mar 12 16:29:16 CET 2020,-2235.88,EUR,Qui voluptatum repudiandae dolorem aut fugit.
Hiedi,BE70392638550479,BE29305185352327,Sat Mar 14 07:02:46 CET 2020,3471.49,EUR,Autem numquam sit sit consectetur.
Kiersten,BE85492654096297,BE82295573911306,Thu Mar 05 16:38:35 CET 2020,2365.22,EUR,Sunt rerum dolorum ut maiores eius.
Kiersten,BE85492654096297,BE41975865810424,Fri Mar 13 14:04:11 CET 2020,3032.22,EUR,Accusantium fugit quod dolor est aut.
Lazaro,BE75060721861106,BE31422373072995,Sun Mar 15 04:28:49 CET 2020,3884.74,EUR,Et deleniti ut quis quo.
Lazaro,BE75060721861106,BE88476777878584,Sun Mar 08 22:31:06 CET 2020,-4292.91,EUR,Vel omnis magnam perspiciatis corporis recusandae similique suscipit.
Lazaro,BE75060721861106,BE75511585651758,Sun Mar 15 16:15:42 CET 2020,4572.72,EUR,Eius qui aliquid aperiam minus ut rerum id.
Cleveland,BE48258956714752,BE09401100290414,Sat Mar 14 04:40:51 CET 2020,-1557.54,EUR,Consequatur laborum debitis.
Cleveland,BE48258956714752,BE53308162722954,Wed Mar 11 12:29:21 CET 2020,-4155.27,EUR,Nobis animi nobis blanditiis ut laboriosam occaecati.
Cleveland,BE48258956714752,BE08521582835938,Tue Mar 03 16:50:49 CET 2020,3223.15,EUR,Beatae rerum doloribus voluptatem.
Cleveland,BE48258956714752,BE53143308819682,Wed Mar 11 20:21:32 CET 2020,-4484.19,EUR,Consequatur ut dicta ipsam officia.
Cleveland,BE48258956714752,BE65861024741321,Sat Mar 14 13:22:49 CET 2020,2876.16,EUR,Reprehenderit est repellat est.
Cleveland,BE48258956714752,BE95814833752449,Sun Mar 08 01:09:39 CET 2020,-3581.41,EUR,Veritatis qui dolorem et voluptatum dolor consequatur ullam.
Cleveland,BE48258956714752,BE89585456808255,Tue Mar 10 13:15:32 CET 2020,529.73,EUR,Aut iusto voluptas.
Cleveland,BE48258956714752,BE49360603425141,Fri Feb 28 06:37:53 CET 2020,4354.05,EUR,Eum commodi aliquam.
Ralph,BE52651420507337,BE50774647335654,Sat Mar 14 20:54:40 CET 2020,-4200.44,EUR,Officia quis nisi rerum maxime esse.
Ralph,BE52651420507337,BE08185727083549,Sun Mar 08 08:17:42 CET 2020,-2445.27,EUR,A omnis qui et repellendus.
Ralph,BE52651420507337,BE84692586163325,Mon Mar 09 12:39:56 CET 2020,3714.76,EUR,Qui neque dolores ut repellendus aut.
Ralph,BE52651420507337,BE56289255867311,Wed Mar 04 17:58:35 CET 2020,1948.39,EUR,Id nemo architecto harum praesentium voluptatem aut quam.
Ralph,BE52651420507337,BE24664146710155,Mon Mar 09 19:06:52 CET 2020,-1697.24,EUR,Tempora blanditiis et ipsum quas temporibus rem.
Ralph,BE52651420507337,BE38657883093013,Fri Mar 13 23:47:49 CET 2020,3775.2,EUR,Quo nesciunt doloremque.
Ralph,BE52651420507337,BE85486915982145,Thu Mar 05 14:56:21 CET 2020,-4615.1,EUR,Nihil necessitatibus minus non totam velit eaque dignissimos.
Ralph,BE52651420507337,BE85888860477008,Tue Mar 10 23:55:02 CET 2020,-4957.56,EUR,Necessitatibus occaecati rerum nisi sit nostrum sunt perspiciatis.
Ralph,BE52651420507337,BE30987255591071,Sun Feb 23 06:47:37 CET 2020,-2821.36,EUR,Ea veniam eius.
Ralph,BE52651420507337,BE86676539867673,Thu Mar 12 12:57:50 CET 2020,3742.17,EUR,Consequatur voluptatum consequatur quam nisi beatae.
Marlin,BE84021083028612,BE81545875143696,Fri Mar 13 15:22:44 CET 2020,-951.72,EUR,Est et vero quos delectus explicabo.
Marlin,BE84021083028612,BE21687926739874,Mon Mar 16 06:09:41 CET 2020,3710.99,EUR,Et et dolorem ratione quia ipsa.
Marlin,BE84021083028612,BE48578886134820,Wed Mar 11 07:33:49 CET 2020,-3859.91,EUR,Minima exercitationem est.
Timothy,BE98886390179908,BE19511755472994,Sun Mar 15 08:20:40 CET 2020,4520.77,EUR,Unde id deleniti eos deleniti sed.
Timothy,BE98886390179908,BE89599751887599,Mon Mar 02 04:42:59 CET 2020,-23.67,EUR,Unde eaque odit enim veritatis id.
Timothy,BE98886390179908,BE68048462267524,Sun Feb 23 13:28:47 CET 2020,-3408.28,EUR,Aperiam aliquid aspernatur facere ut enim expedita sit.
Timothy,BE98886390179908,BE18948221176819,Fri Mar 06 08:26:07 CET 2020,-4667.87,EUR,Necessitatibus corporis velit cumque et autem nisi ut.
Timothy,BE98886390179908,BE92227404967471,Sat Feb 29 12:54:56 CET 2020,-3371.08,EUR,Saepe deleniti impedit natus velit.
Timothy,BE98886390179908,BE84464351422056,Tue Mar 10 04:30:06 CET 2020,957.19,EUR,Deleniti commodi animi fuga magnam sit.
Timothy,BE98886390179908,BE03436447959157,Mon Mar 09 11:27:29 CET 2020,2310.44,EUR,Culpa eum velit sit dolorum.
Timothy,BE98886390179908,BE88587137392734,Sun Mar 15 01:59:13 CET 2020,4140.97,EUR,Facere sed sit sunt qui in.
Santos,BE66921975556349,BE69085641560175,Fri Mar 13 23:14:49 CET 2020,3936.46,EUR,Vitae culpa alias fugiat sunt doloremque dolor ut.
Santos,BE66921975556349,BE89008569982738,Tue Mar 10 22:38:26 CET 2020,1490.44,EUR,Ullam veniam saepe omnis similique unde porro.
Santos,BE66921975556349,BE82248433362038,Fri Mar 06 09:24:35 CET 2020,2659.11,EUR,Debitis nostrum a et quia est.
Santos,BE66921975556349,BE69035299589054,Thu Mar 12 09:22:02 CET 2020,3057.69,EUR,Unde et impedit voluptatem.
Soraya,BE98764120106471,BE37707321411861,Tue Mar 10 18:12:52 CET 2020,2836.58,EUR,Sunt non voluptate.
Soraya,BE98764120106471,BE56117627012619,Tue Mar 10 08:30:22 CET 2020,-209.66,EUR,Rerum molestiae accusamus nulla voluptatem veritatis autem.
Soraya,BE98764120106471,BE90525124654244,Thu Feb 27 19:54:15 CET 2020,-4035.53,EUR,Accusantium sint nam vel.
Alonso,BE65053407497813,BE94782424796802,Fri Mar 13 03:34:45 CET 2020,-4564.01,EUR,Officiis similique commodi et dicta impedit.
Alonso,BE65053407497813,BE91677177375057,Mon Mar 02 02:12:15 CET 2020,-3620.65,EUR,Fuga quia voluptatem nam enim voluptatem.
Alonso,BE65053407497813,BE53608655102990,Sat Mar 14 12:01:03 CET 2020,3679.63,EUR,Sed ducimus reprehenderit magni eos veniam ipsum laborum.
Alonso,BE65053407497813,BE16987354487576,Mon Mar 02 21:06:02 CET 2020,2383.42,EUR,Voluptatem beatae quae fuga quidem fugit rem nostrum.
Alonso,BE65053407497813,BE55676358133493,Wed Feb 26 02:03:40 CET 2020,2106.82,EUR,Et ut aut temporibus.
Christiane,BE03544557841741,BE31381903780013,Tue Mar 10 12:39:42 CET 2020,2732.41,EUR,Autem ipsum et.
Christiane,BE03544557841741,BE08817405928526,Sun Mar 15 02:49:27 CET 2020,668.65,EUR,Quos ut veniam laboriosam ut.
Christiane,BE03544557841741,BE61163444653778,Sun Feb 23 18:00:16 CET 2020,1321.17,EUR,Autem qui soluta est illo itaque.
Christiane,BE03544557841741,BE49451938246065,Sun Mar 15 07:34:42 CET 2020,-3027.28,EUR,Et nisi delectus aut quis quia omnis.
Christiane,BE03544557841741,BE65889627403503,Fri Mar 06 11:39:41 CET 2020,2854.87,EUR,Quae aut quod eligendi distinctio labore.
Christiane,BE03544557841741,BE43849357078772,Sun Mar 15 14:28:50 CET 2020,-818.14,EUR,Animi non esse tempora.
Christiane,BE03544557841741,BE88306724087970,Tue Feb 25 15:09:34 CET 2020,-4866.06,EUR,Recusandae magni et laudantium minima nostrum.
Christiane,BE03544557841741,BE43166663837043,Sun Mar 15 22:15:41 CET 2020,-1254.1,EUR,Ratione quam quisquam ut.
Elaina,BE18539101748514,BE05756883932492,Fri Mar 06 02:27:28 CET 2020,-3110.91,EUR,Ipsam ipsam vel repudiandae in.
Elaina,BE18539101748514,BE14141063736469,Sun Mar 15 23:12:50 CET 2020,-3893.98,EUR,Illo omnis soluta et.
Elaina,BE18539101748514,BE03583214484471,Wed Mar 04 22:12:43 CET 2020,-3640.07,EUR,Tempore a dicta cupiditate.
Elaina,BE18539101748514,BE37842073489433,Sun Mar 08 09:19:12 CET 2020,-2011.22,EUR,Aut ea velit repellat sunt aut voluptatem ex.
Elaina,BE18539101748514,BE31982802495168,Fri Mar 13 06:15:36 CET 2020,4441.87,EUR,Totam blanditiis atque.
Elaina,BE18539101748514,BE47577439463937,Thu Mar 12 16:15:23 CET 2020,1444.61,EUR,Repellat sequi molestiae sint qui facere vero.
Elaina,BE18539101748514,BE71111589189440,Thu Mar 12 15:56:27 CET 2020,-348.99,EUR,Deserunt cumque tenetur.
Clemente,BE24128548950325,BE10070326360344,Mon Mar 16 11:21:29 CET 2020,-1338.33,EUR,Velit laborum fugiat voluptas voluptatum sit dolores.
Clemente,BE24128548950325,BE07252959550810,Tue Mar 03 05:50:48 CET 2020,1296.47,EUR,Harum et voluptate neque excepturi dolorum blanditiis et.
Clemente,BE24128548950325,BE06296239531815,Mon Mar 16 14:40:41 CET 2020,1705.77,EUR,Quibusdam odit accusantium quisquam.
Clemente,BE24128548950325,BE87339574961879,Fri Mar 13 18:09:48 CET 2020,1474.99,EUR,Expedita itaque unde ipsam.
Clemente,BE24128548950325,BE19244778477280,Wed Feb 26 08:28:58 CET 2020,816.19,EUR,Eum atque aspernatur beatae saepe culpa.
Clemente,BE24128548950325,BE96805956448328,Mon Mar 16 14:34:12 CET 2020,-2199.25,EUR,Natus enim dicta eius omnis nisi enim quaerat.
Clemente,BE24128548950325,BE42338741752768,Sat Mar 14 23:43:01 CET 2020,2265.23,EUR,Sint ipsa est iste sint nisi earum aut.
Clemente,BE24128548950325,BE17541738358009,Thu Mar 12 05:30:58 CET 2020,-1793.24,EUR,Ratione ut quia in unde.
Clemente,BE24128548950325,BE38356641647258,Mon Mar 02 07:45:49 CET 2020,-1736.36,EUR,Dolor impedit non neque sit rerum.
Shalonda,BE72871491507474,BE04436895285212,Wed Mar 11 17:29:57 CET 2020,-2223.52,EUR,Deserunt quos aliquam aut natus accusamus excepturi voluptate.
Shalonda,BE72871491507474,BE68959863225529,Sat Feb 29 09:33:19 CET 2020,1114.87,EUR,Recusandae ut quia iusto facilis sit praesentium qui.
Shalonda,BE72871491507474,BE38246206073080,Sat Mar 14 11:55:30 CET 2020,451.93,EUR,Sed ipsum nemo et magnam laborum deserunt molestiae.
Shalonda,BE72871491507474,BE07753265569683,Mon Mar 09 10:55:25 CET 2020,3515.85,EUR,Nemo aspernatur quos quisquam voluptatum vitae occaecati consequatur.
Shalonda,BE72871491507474,BE84770452229281,Sat Mar 14 11:35:05 CET 2020,3616.0,EUR,Impedit illo qui molestiae autem placeat omnis est.
Shalonda,BE72871491507474,BE92831702262702,Fri Mar 13 19:30:01 CET 2020,-1622.45,EUR,Reprehenderit quo eos dolores vel non culpa autem.
Shalonda,BE72871491507474,BE05891725602853,Wed Mar 11 19:22:26 CET 2020,-320.4,EUR,Pariatur iste debitis.
Shalonda,BE72871491507474,BE86415739339684,Fri Feb 21 01:18:16 CET 2020,804.16,EUR,Nesciunt quasi quidem optio consequatur aut.
Shalonda,BE72871491507474,BE58548273725578,Fri Mar 13 13:55:10 CET 2020,-2757.56,EUR,Voluptas quia sunt aliquam hic.
Joaquin,BE68589352301958,BE56626167207068,Tue Mar 10 19:54:40 CET 2020,4233.65,EUR,Hic dolor voluptas cupiditate aut.
Joaquin,BE68589352301958,BE78484398549031,Tue Feb 25 22:21:34 CET 2020,-3069.34,EUR,Sint alias excepturi maiores modi.
Joaquin,BE68589352301958,BE97088250188916,Tue Feb 25 23:34:24 CET 2020,2375.12,EUR,Aliquam veritatis ad deleniti qui placeat.
Joaquin,BE68589352301958,BE40269480566839,Thu Mar 12 11:17:56 CET 2020,1427.22,EUR,Qui dolor harum ducimus nostrum laboriosam.
Joaquin,BE68589352301958,BE27360808686073,Sun Mar 15 06:45:51 CET 2020,-1737.53,EUR,Ipsa qui eum laborum repellendus iste.
Joaquin,BE68589352301958,BE19814820264124,Wed Mar 04 18:03:43 CET 2020,4255.33,EUR,Minus quia natus ad voluptas quod id.
Joaquin,BE68589352301958,BE03293703565421,Thu Mar 12 03:32:21 CET 2020,-1901.25,EUR,Earum sed illum sapiente occaecati sunt similique.
Joaquin,BE68589352301958,BE39869946877837,Sun Mar 15 09:27:26 CET 2020,-525.75,EUR,Temporibus tempora vel.
Joaquin,BE68589352301958,BE34800392573676,Wed Mar 11 13:56:16 CET 2020,3068.17,EUR,Id dolor voluptas alias dolorem nemo.
Joaquin,BE68589352301958,BE76411767662642,Wed Mar 04 08:19:24 CET 2020,-2141.77,EUR,Sit nesciunt voluptatem mollitia aut qui.
Adan,BE90106903245004,BE32862054545228,Mon Mar 09 12:04:34 CET 2020,-4289.94,EUR,Nisi doloremque praesentium.
Adan,BE90106903245004,BE02241709466747,Fri Feb 28 12:39:40 CET 2020,-3551.24,EUR,Quaerat est tempore molestiae non totam eius sequi.
Ken,BE14014860221658,BE81422745980544,Mon Mar 02 02:43:07 CET 2020,1498.99,EUR,Expedita molestiae est velit est molestiae accusamus voluptatum.
Ken,BE14014860221658,BE25786625625156,Mon Mar 16 09:50:24 CET 2020,4841.43,EUR,Dolorem et eaque totam necessitatibus laborum omnis.
Ken,BE14014860221658,BE50664474939742,Sat Mar 07 21:29:45 CET 2020,2663.4,EUR,Quo quasi accusantium rem officia.
Ken,BE14014860221658,BE38323032849123,Fri Feb 28 01:00:18 CET 2020,4076.66,EUR,Sed fugiat consequatur soluta ipsum veritatis omnis.
Ken,BE14014860221658,BE40235057075210,Tue Mar 10 10:05:07 CET 2020,-96.49,EUR,Aut iusto dolorem eos amet autem ea ut.
Augustus,BE52503046093339,BE46371269041280,Mon Mar 16 15:26:38 CET 2020,-1250.45,EUR,Perspiciatis libero sed quos expedita porro quibusdam est.
Augustus,BE52503046093339,BE90329219526811,Tue Mar 10 23:33:19 CET 2020,2517.37,EUR,Et aut quo.
Augustus,BE52503046093339,BE49570876027383,Sun Mar 15 16:59:31 CET 2020,-2876.29,EUR,Velit quisquam dolor non excepturi reiciendis.
Ashanti,BE42430043419771,BE21617565829407,Sun Mar 01 09:18:53 CET 2020,2148.55,EUR,Ad reiciendis repellendus qui consequuntur dolore.
Ashanti,BE42430043419771,BE89448138006699,Sun Mar 08 16:32:43 CET 2020,3377.41,EUR,Minus reiciendis quo nobis libero libero ullam quos.
Ashanti,BE42430043419771,BE35908509173589,Mon Mar 16 00:47:20 CET 2020,105.44,EUR,Consequatur aliquid est.
Ashanti,BE42430043419771,BE59930381646800,Sat Mar 07 19:10:09 CET 2020,3603.72,EUR,Consequatur dolorem voluptatem in voluptas voluptates.
Ashanti,BE42430043419771,BE44401623437459,Wed Mar 04 21:48:49 CET 2020,-2136.89,EUR,Dicta dolor qui aut quis aut ut optio.
Ashanti,BE42430043419771,BE06525132631581,Sat Mar 07 21:47:40 CET 2020,2550.99,EUR,Corporis natus ut magnam.
Ashanti,BE42430043419771,BE90068025518904,Mon Mar 16 04:08:49 CET 2020,4517.53,EUR,Et quia nemo numquam possimus.
Ashanti,BE42430043419771,BE11924903736303,Tue Feb 25 09:51:37 CET 2020,4510.71,EUR,Cum velit consequatur eligendi quia.
Ashanti,BE42430043419771,BE04265783726961,Sat Feb 22 04:58:39 CET 2020,4266.24,EUR,Aperiam vitae voluptate ut et dolor nobis.
Ashanti,BE42430043419771,BE75841256332522,Fri Mar 13 11:42:47 CET 2020,4101.7,EUR,Voluptatem asperiores autem at ea voluptatem quis.
Jc,BE93715957375852,BE46266318709820,Fri Mar 13 16:32:20 CET 2020,-194.31,EUR,Eligendi ab optio minus omnis assumenda tempora.
Jc,BE93715957375852,BE22129764988824,Sun Mar 15 12:14:15 CET 2020,-813.64,EUR,Tempore non ut vel dicta.
Jc,BE93715957375852,BE68850187342353,Sat Mar 14 11:26:02 CET 2020,1184.14,EUR,Velit voluptatem et.
Cristobal,BE19276151887038,BE69785093174326,Sat Mar 14 22:49:08 CET 2020,4253.77,EUR,Et voluptas tempore necessitatibus sit.
Cristobal,BE19276151887038,BE86874317066976,Tue Mar 03 15:08:16 CET 2020,-3934.25,EUR,Et eos quo accusamus.
Cristobal,BE19276151887038,BE18108197555421,Tue Feb 25 17:02:03 CET 2020,2092.9,EUR,Aliquam dolor nihil quia maiores.
Cristobal,BE19276151887038,BE85411002005008,Thu Mar 12 04:50:23 CET 2020,-3298.21,EUR,Ipsa asperiores voluptates ut officia incidunt ipsa.
Cristobal,BE19276151887038,BE62239328658673,Mon Mar 16 08:07:58 CET 2020,3930.93,EUR,Saepe amet expedita.
Cristobal,BE19276151887038,BE35875785876814,Mon Mar 16 14:23:06 CET 2020,-356.84,EUR,Eum est quis repellat nesciunt quod est.
Cristobal,BE19276151887038,BE61141839463635,Mon Feb 17 06:57:58 CET 2020,-308.13,EUR,Voluptatem reiciendis neque et rerum.
Cristobal,BE19276151887038,BE08467184891588,Thu Mar 12 20:09:53 CET 2020,-736.54,EUR,Minus qui nihil nobis.
Yulanda,BE27845120795441,BE07913253217307,Thu Mar 12 12:44:15 CET 2020,3638.88,EUR,Et tempora error minima.
Yulanda,BE27845120795441,BE42769612277064,Thu Feb 27 23:02:16 CET 2020,-1780.07,EUR,Necessitatibus dolore doloremque.
Yulanda,BE27845120795441,BE08697855973612,Sat Mar 07 06:36:35 CET 2020,2272.92,EUR,Expedita aut omnis in illum aperiam aliquid deserunt.
Henry,BE67852274069809,BE09968010525378,Sat Feb 29 20:05:55 CET 2020,1557.32,EUR,Ab ipsum dolores.
Henry,BE67852274069809,BE73913168374293,Sun Mar 15 07:45:49 CET 2020,-3050.9,EUR,Sunt minus id nesciunt consequatur dicta.
Henry,BE67852274069809,BE70271624847232,Mon Feb 24 08:14:49 CET 2020,3460.34,EUR,Fugiat nihil deleniti.
Henry,BE67852274069809,BE70244446711724,Mon Mar 09 00:18:21 CET 2020,-102.39,EUR,Vel veniam qui eum et iste modi nisi.
Henry,BE67852274069809,BE06711380843698,Wed Mar 11 17:35:11 CET 2020,1008.82,EUR,Dolores qui tempore eos et quis.
Henry,BE67852274069809,BE36870296072847,Sun Mar 15 14:18:41 CET 2020,1139.84,EUR,Error laboriosam eius officia placeat id.
Henry,BE67852274069809,BE25318264943076,Wed Mar 11 09:33:53 CET 2020,-949.72,EUR,Eum ut assumenda sed ea quibusdam.
Henry,BE67852274069809,BE06773763019262,Fri Feb 21 18:27:26 CET 2020,-3114.61,EUR,Nam quia enim quae sunt id incidunt.
Liza,BE87263253231468,BE76103081864975,Sat Mar 14 18:19:45 CET 2020,-3983.29,EUR,Maxime maxime natus quidem eaque voluptas error.
Liza,BE87263253231468,BE28528075081274,Wed Mar 04 02:33:42 CET 2020,4552.35,EUR,Vel nam incidunt.
Liza,BE87263253231468,BE35236207803857,Fri Mar 13 03:12:00 CET 2020,1808.73,EUR,Voluptatum blanditiis exercitationem dolor qui ea commodi incidunt.
Liza,BE87263253231468,BE22203340892026,Wed Mar 04 14:46:33 CET 2020,243.26,EUR,Fugiat consequuntur in vel consequatur ratione repellendus.
Liza,BE87263253231468,BE21801916190546,Mon Mar 16 03:20:14 CET 2020,-501.53,EUR,Et mollitia nemo qui.
Liza,BE87263253231468,BE18134820575352,Wed Feb 26 19:37:38 CET 2020,-126.83,EUR,Molestiae tempore et et voluptatem corrupti.
Liza,BE87263253231468,BE95485935128732,Fri Mar 06 19:21:56 CET 2020,-1394.38,EUR,Qui excepturi cum quae.
Liza,BE87263253231468,BE78369629865446,Sun Mar 15 11:21:47 CET 2020,1394.11,EUR,Facilis ut quaerat earum.
Liza,BE87263253231468,BE89419042225714,Sun Mar 15 20:58:02 CET 2020,4701.09,EUR,Laborum quidem soluta sed voluptatem omnis consectetur.
Liza,BE87263253231468,BE13309402668175,Thu Mar 12 23:31:54 CET 2020,3604.83,EUR,Veritatis unde eaque impedit optio.
Branden,BE23259168798330,BE91204671928179,Sun Mar 15 23:58:33 CET 2020,-2001.87,EUR,Temporibus nihil dignissimos perspiciatis voluptatem.
Branden,BE23259168798330,BE08811998424227,Thu Mar 12 12:39:30 CET 2020,661.03,EUR,Quas occaecati quibusdam.
Branden,BE23259168798330,BE95625012883086,Wed Mar 11 18:43:03 CET 2020,3022.54,EUR,Et rerum sapiente recusandae libero aut ut.
Branden,BE23259168798330,BE06511654759389,Wed Mar 11 01:24:55 CET 2020,734.0,EUR,Excepturi quia illo cupiditate.
Branden,BE23259168798330,BE94424151950496,Wed Mar 11 16:30:40 CET 2020,3048.2,EUR,Cum repellat et fugiat ut.
Branden,BE23259168798330,BE61872971281084,Tue Mar 03 19:50:25 CET 2020,-1346.93,EUR,Nemo consequuntur illum provident molestiae.
Kraig,BE59780668673251,BE84938035909948,Fri Mar 13 22:00:09 CET 2020,714.25,EUR,Explicabo tempora quibusdam consequatur sit architecto officia ducimus.
Kraig,BE59780668673251,BE11813601788195,Sat Mar 07 23:29:02 CET 2020,-1346.85,EUR,Molestias vitae nihil aliquam ex quo aliquam magnam.
Kraig,BE59780668673251,BE70813667594940,Sat Feb 29 20:36:00 CET 2020,4757.88,EUR,Harum nostrum quibusdam odit itaque reprehenderit voluptatum.
Kraig,BE59780668673251,BE18528696794030,Sat Mar 14 11:13:24 CET 2020,3185.14,EUR,Dolorem ex officiis reprehenderit.
Catherina,BE40555243449636,BE47020268712823,Mon Mar 16 10:50:45 CET 2020,4709.65,EUR,Laudantium nobis expedita aut reprehenderit.
Catherina,BE40555243449636,BE17317313385733,Sat Mar 14 03:46:13 CET 2020,2224.54,EUR,Quae qui excepturi at deleniti.
Catherina,BE40555243449636,BE36715958615277,Mon Mar 16 13:00:34 CET 2020,-1106.42,EUR,Inventore ut expedita sunt sapiente.
Catherina,BE40555243449636,BE49669055452614,Thu Mar 12 09:00:24 CET 2020,-687.5,EUR,Excepturi qui sit labore natus.
Catherina,BE40555243449636,BE88160770375805,Tue Mar 03 06:04:09 CET 2020,3463.05,EUR,Quia rem vitae pariatur ad.
Catherina,BE40555243449636,BE39276591058834,Thu Mar 05 23:13:02 CET 2020,4660.73,EUR,Dolores voluptatibus explicabo corporis.
Catherina,BE40555243449636,BE39206626342442,Mon Mar 16 03:31:56 CET 2020,435.66,EUR,Iusto amet placeat.
Catherina,BE40555243449636,BE44318370836373,Mon Mar 09 13:49:41 CET 2020,2011.19,EUR,Sunt animi modi ipsa.
Kenneth,BE12521199669085,BE04274922038664,Mon Mar 09 13:40:41 CET 2020,-3893.95,EUR,Aliquid sequi officiis quia itaque eligendi.
Hester,BE13335614820841,BE89163202981751,Sun Mar 08 03:23:27 CET 2020,-3530.39,EUR,Qui qui ipsam soluta impedit qui.
Hester,BE13335614820841,BE77560090244866,Thu Mar 05 08:53:44 CET 2020,2079.86,EUR,Voluptatum mollitia eaque.
Hester,BE13335614820841,BE96875171442893,Sun Mar 08 02:20:31 CET 2020,2674.04,EUR,Est excepturi nihil nisi aperiam iste animi.
Cedrick,BE50789050166575,BE75266112992086,Thu Mar 12 11:12:21 CET 2020,1719.89,EUR,Pariatur et sit a libero reiciendis.
Cedrick,BE50789050166575,BE18148415526544,Mon Mar 16 11:12:39 CET 2020,4015.29,EUR,Illum accusantium ut.
Stevie,BE44635840863151,BE43377851267722,Sun Mar 15 11:15:52 CET 2020,4892.54,EUR,Sit voluptatem et repellendus dolor repellat vitae.
Stevie,BE44635840863151,BE02861027987299,Sun Mar 08 06:58:37 CET 2020,-3862.55,EUR,Repellendus et magnam maxime esse quia eos consequuntur.
Stevie,BE44635840863151,BE77160585555016,Sun Mar 08 02:52:12 CET 2020,-404.71,EUR,Sapiente enim aut.
Stevie,BE44635840863151,BE69620707681144,Thu Mar 12 09:07:59 CET 2020,452.13,EUR,Doloremque ullam distinctio.
Stevie,BE44635840863151,BE97326432154667,Tue Feb 25 10:42:36 CET 2020,3946.73,EUR,Dolor et voluptas recusandae.
Stevie,BE44635840863151,BE55773675116883,Sat Feb 29 18:07:20 CET 2020,1464.68,EUR,Aut vitae consequatur nobis minus aliquid vero.
Stevie,BE44635840863151,BE79585171761034,Wed Mar 11 19:04:29 CET 2020,-4920.28,EUR,Consequuntur voluptatibus ab possimus non sapiente fugiat.
Stevie,BE44635840863151,BE59491737514277,Mon Mar 16 06:19:48 CET 2020,-1492.25,EUR,Magni ea aspernatur consequatur modi.
Stevie,BE44635840863151,BE18589142800512,Sat Mar 07 06:58:36 CET 2020,-3221.85,EUR,Praesentium repellendus dicta.
Stevie,BE44635840863151,BE68436962930502,Wed Mar 11 12:19:33 CET 2020,-993.69,EUR,Aperiam magni ea magnam at nemo deleniti.
Tomas,BE22923579834709,BE28967209570622,Fri Mar 13 18:16:24 CET 2020,4701.55,EUR,Est recusandae ex ea quia quidem earum sit.
Tomas,BE22923579834709,BE97433785112786,Wed Mar 04 13:31:54 CET 2020,2323.46,EUR,Cumque totam sunt autem ducimus omnis.
Tomas,BE22923579834709,BE52208760402251,Tue Mar 03 05:01:52 CET 2020,2136.44,EUR,Porro qui velit.
Tomas,BE22923579834709,BE74827224000006,Sat Mar 14 03:33:24 CET 2020,580.5,EUR,Ratione et non modi perferendis dolorum totam.
Tomas,BE22923579834709,BE10214706248964,Wed Mar 11 11:22:30 CET 2020,332.34,EUR,Quos autem in.
Sherrie,BE75203822193238,BE62933033009632,Tue Mar 10 04:04:23 CET 2020,1469.12,EUR,Alias blanditiis placeat dolores.
Sherrie,BE75203822193238,BE32214653311400,Tue Mar 03 07:01:46 CET 2020,397.54,EUR,Veritatis sequi optio.
Sherrie,BE75203822193238,BE80089881283895,Mon Mar 09 20:33:37 CET 2020,-1169.89,EUR,Assumenda dolor est laboriosam eos.
Sherrie,BE75203822193238,BE98222484269398,Mon Mar 02 05:09:43 CET 2020,1076.28,EUR,Sit consequatur qui amet inventore beatae.
Sherrie,BE75203822193238,BE42377243610561,Sun Mar 15 06:51:37 CET 2020,2267.87,EUR,Dolorem soluta ratione.
Sherrie,BE75203822193238,BE67935488860004,Wed Mar 11 12:26:15 CET 2020,4436.81,EUR,Beatae deserunt qui dolores est rerum.
Sherrie,BE75203822193238,BE16315214846720,Sat Feb 29 07:17:38 CET 2020,1339.99,EUR,Molestias neque autem.
Sherrie,BE75203822193238,BE52737066504077,Tue Mar 10 06:10:18 CET 2020,-926.43,EUR,Repudiandae omnis et fugiat amet est similique recusandae.
Sherrie,BE75203822193238,BE46994971548709,Thu Mar 12 23:24:15 CET 2020,-1923.45,EUR,Aut omnis inventore molestiae saepe ipsum omnis ut.
Sherrie,BE75203822193238,BE21181032260520,Sun Mar 08 16:19:13 CET 2020,2371.47,EUR,Quidem ratione nisi ut ratione ullam quo aliquid.
Nakia,BE24567670029132,BE53519828013851,Sun Mar 15 21:46:15 CET 2020,-1787.0,EUR,Debitis doloremque totam esse amet sed dolore.
Nakia,BE24567670029132,BE93113862914246,Fri Mar 13 00:15:40 CET 2020,-1950.96,EUR,Tempora minima dolorum et quaerat sit ab amet.
Nakia,BE24567670029132,BE07427011584036,Thu Mar 05 15:39:00 CET 2020,3820.87,EUR,Saepe omnis repudiandae natus repudiandae aut itaque.
Nakia,BE24567670029132,BE25118673088822,Thu Mar 12 19:21:22 CET 2020,-175.46,EUR,Quis pariatur laudantium quo consequatur voluptas dolorum sit.
Nakia,BE24567670029132,BE82705727353985,Sun Feb 23 19:14:58 CET 2020,1933.76,EUR,Aut hic assumenda.
Nakia,BE24567670029132,BE40717888786971,Mon Feb 17 22:59:16 CET 2020,360.95,EUR,Aut dicta aut perferendis voluptatem.
Hilaria,BE02292595703704,BE93082142731525,Mon Mar 09 18:51:54 CET 2020,2240.4,EUR,Veritatis non doloremque sapiente voluptatem natus quam.
Hilaria,BE02292595703704,BE11829381195101,Tue Mar 03 16:51:38 CET 2020,1587.05,EUR,Laborum corrupti et voluptatibus et magnam soluta hic.
Hilaria,BE02292595703704,BE05632659942950,Sat Mar 14 07:47:05 CET 2020,2331.96,EUR,Voluptatem et consectetur et blanditiis quis.
Hilaria,BE02292595703704,BE75580959462677,Sat Mar 14 04:27:49 CET 2020,1200.14,EUR,Occaecati a animi natus.
Hilaria,BE02292595703704,BE15385107330334,Sun Mar 15 14:23:08 CET 2020,-4664.25,EUR,Suscipit ut et.
Conrad,BE29742743198340,BE90581087376404,Sun Mar 15 10:22:49 CET 2020,2493.48,EUR,Iste autem error illum aliquid cumque voluptas.
Vergie,BE21043080966390,BE82307266801235,Mon Mar 16 06:42:48 CET 2020,-3086.71,EUR,Voluptatem temporibus culpa dicta sapiente.
Vergie,BE21043080966390,BE53079107695947,Sat Mar 14 03:24:08 CET 2020,350.04,EUR,Atque est atque natus ratione distinctio.
Vergie,BE21043080966390,BE24983064644099,Thu Mar 05 17:50:44 CET 2020,-4434.66,EUR,Dolorem blanditiis velit enim ab occaecati quis.
Vergie,BE21043080966390,BE09704546609510,Sat Mar 07 21:47:14 CET 2020,-1391.07,EUR,Nostrum id qui aut molestias dolor a quis.
Vergie,BE21043080966390,BE84405744818135,Sun Mar 15 04:22:24 CET 2020,-1070.33,EUR,Odio maiores a deleniti possimus est eaque et.
Vergie,BE21043080966390,BE40706701591216,Sat Mar 14 08:59:03 CET 2020,1207.76,EUR,Quo cum et sequi excepturi iste adipisci.
Vergie,BE21043080966390,BE52008284930183,Sat Mar 07 22:36:54 CET 2020,1960.55,EUR,Sint velit quas quia aut ipsam.
Vergie,BE21043080966390,BE80494492197402,Sat Feb 22 23:16:43 CET 2020,1956.12,EUR,Odit doloribus blanditiis.
Vergie,BE21043080966390,BE88155889891227,Sun Mar 15 21:30:13 CET 2020,3372.88,EUR,Sit fugiat dolorem rerum facere qui.
Omer,BE78685299776700,BE13267410651733,Wed Feb 26 00:33:43 CET 2020,3446.06,EUR,Similique et animi ut enim praesentium voluptatem.
Omer,BE78685299776700,BE72335360584040,Mon Mar 09 06:05:57 CET 2020,-1537.68,EUR,Dignissimos qui architecto commodi omnis suscipit qui facilis.
Omer,BE78685299776700,BE29789262331949,Mon Mar 16 10:49:13 CET 2020,-4717.02,EUR,Laborum et necessitatibus sequi suscipit.
Omer,BE78685299776700,BE43227042803818,Thu Mar 12 21:41:16 CET 2020,4397.79,EUR,Velit omnis dolorum nostrum qui sunt earum.
Omer,BE78685299776700,BE35204410113577,Fri Mar 13 02:20:36 CET 2020,-2887.97,EUR,Officia impedit molestias nam eligendi velit.
Omer,BE78685299776700,BE43676002088904,Wed Feb 19 05:06:49 CET 2020,1770.5,EUR,Doloremque tempora omnis vel mollitia incidunt voluptas.
Omer,BE78685299776700,BE36888668465614,Fri Feb 28 19:25:22 CET 2020,-3544.76,EUR,Rerum doloremque ipsa.
Omer,BE78685299776700,BE76739396850754,Sat Mar 14 18:32:28 CET 2020,1487.32,EUR,Et optio et nulla porro.
Omer,BE78685299776700,BE15836347366332,Wed Mar 11 12:00:44 CET 2020,3091.05,EUR,Ducimus eum quia.
Omer,BE78685299776700,BE57919511607325,Sat Mar 14 04:35:16 CET 2020,2361.64,EUR,Sunt fugit autem neque voluptatum quia et dolor.
Buddy,BE52509599545938,BE07730139466294,Mon Mar 16 14:12:19 CET 2020,1352.17,EUR,Culpa amet autem.
Buddy,BE52509599545938,BE48509070276277,Fri Mar 13 16:50:30 CET 2020,3540.04,EUR,Doloremque maiores blanditiis.
Buddy,BE52509599545938,BE79656302745092,Mon Mar 09 02:27:18 CET 2020,-4928.51,EUR,Officiis repudiandae quia eum at quas qui iusto.
Buddy,BE52509599545938,BE62732378113657,Mon Mar 16 11:11:05 CET 2020,3556.32,EUR,Tenetur exercitationem repellendus.
Buddy,BE52509599545938,BE92870648918554,Wed Mar 11 16:04:17 CET 2020,327.1,EUR,Fuga eligendi earum.
Buddy,BE52509599545938,BE61637337837461,Mon Mar 16 11:15:09 CET 2020,1865.74,EUR,Nihil dolorum nulla.
Buddy,BE52509599545938,BE66182304652069,Fri Feb 28 14:04:12 CET 2020,-3848.45,EUR,Velit labore odit.
Bart,BE67445879446194,BE81500649552326,Fri Feb 28 22:05:14 CET 2020,369.24,EUR,Animi consequuntur ut occaecati aut.
Bart,BE67445879446194,BE52467115663254,Wed Mar 11 01:49:40 CET 2020,-3267.67,EUR,Quisquam facilis voluptatem molestias eligendi.
Bart,BE67445879446194,BE96154872430923,Thu Mar 12 04:03:47 CET 2020,2422.78,EUR,Et ut qui eos ut rerum enim enim.
Bart,BE67445879446194,BE04635262189225,Mon Mar 09 22:04:54 CET 2020,1060.57,EUR,Dignissimos soluta repellendus dolores ea aut ratione.
Bart,BE67445879446194,BE65202257883536,Thu Mar 12 23:43:06 CET 2020,-4534.28,EUR,Odio magnam voluptatem repellat.
Bart,BE67445879446194,BE32924831885018,Mon Mar 16 09:46:37 CET 2020,1164.23,EUR,Quas unde quod magni.
Bart,BE67445879446194,BE22348290738290,Thu Feb 27 20:43:08 CET 2020,69.67,EUR,Neque placeat velit vitae molestias sequi possimus aut.
Bart,BE67445879446194,BE92803477844939,Sat Mar 14 07:56:13 CET 2020,4990.59,EUR,Sunt ullam ut doloribus labore non.
Bart,BE67445879446194,BE21382226466213,Fri Feb 28 22:01:31 CET 2020,2892.43,EUR,Qui fugiat culpa et qui dolorem.
Bart,BE67445879446194,BE69741424492514,Sat Feb 29 12:10:42 CET 2020,3321.3,EUR,Expedita non distinctio recusandae et dolores.
Renna,BE31245607195497,BE69567564382421,Sun Mar 15 18:31:37 CET 2020,-3731.94,EUR,Fugit sequi aut doloribus debitis ut.
Renna,BE31245607195497,BE35313077475046,Fri Mar 13 04:35:17 CET 2020,4990.32,EUR,Voluptas id maiores ut cumque nesciunt.
Renna,BE31245607195497,BE18584143580368,Sat Mar 14 16:24:19 CET 2020,4999.41,EUR,Dolor et est illo labore voluptate.
Jonah,BE37528519527643,BE31543799665278,Tue Mar 10 04:05:51 CET 2020,939.64,EUR,Id quia placeat tenetur excepturi eligendi dolor delectus.
Jonah,BE37528519527643,BE50339154666007,Thu Mar 12 03:55:08 CET 2020,-4549.78,EUR,Reiciendis iure minima minus autem voluptates qui.
Jonah,BE37528519527643,BE93562760100029,Sat Mar 07 12:09:00 CET 2020,-1661.43,EUR,Non praesentium ullam vitae ex quia.
Jonah,BE37528519527643,BE92970671870592,Mon Mar 02 23:25:33 CET 2020,332.52,EUR,Numquam eius harum animi dignissimos quaerat itaque.
Jonah,BE37528519527643,BE29966620017796,Wed Mar 11 08:06:55 CET 2020,175.56,EUR,Ut ad omnis ut sed.
Jonah,BE37528519527643,BE74707121497008,Sun Mar 15 16:58:33 CET 2020,4721.58,EUR,Optio officiis est.
Jonah,BE37528519527643,BE58453708362819,Mon Mar 02 05:15:46 CET 2020,-585.13,EUR,Qui iusto provident quibusdam.
Jonah,BE37528519527643,BE23833565614835,Tue Mar 03 16:55:08 CET 2020,-3949.86,EUR,Quidem possimus vel odio.
Jonah,BE37528519527643,BE78210474208065,Fri Mar 13 16:49:41 CET 2020,-4835.92,EUR,Incidunt possimus ea sint dolor.
Jonah,BE37528519527643,BE16060748388467,Sun Mar 15 06:02:10 CET 2020,-735.77,EUR,Natus doloremque ut est et quis qui nemo.
Cedrick,BE91051459694277,BE66425466548156,Fri Mar 13 07:08:25 CET 2020,-1624.6,EUR,Aut enim itaque error voluptate omnis quia dolorum.
Cedrick,BE91051459694277,BE55304471102835,Tue Feb 25 17:13:27 CET 2020,-3888.36,EUR,Accusantium voluptatum beatae earum est sint labore.
Cedrick,BE91051459694277,BE73318767920968,Wed Mar 04 01:18:40 CET 2020,2313.31,EUR,Sunt ducimus numquam molestiae quia perferendis dolorem esse.
Cedrick,BE91051459694277,BE94481458438391,Mon Mar 02 18:42:03 CET 2020,-2385.14,EUR,Est sapiente sunt aut aut temporibus accusantium.
Cedrick,BE91051459694277,BE08478930194206,Wed Feb 26 16:23:40 CET 2020,-4128.47,EUR,Molestiae ut nihil praesentium.
Toney,BE45871425628276,BE87005713450532,Mon Mar 09 05:04:55 CET 2020,3446.18,EUR,Sit voluptatibus voluptatum sunt error sed sunt porro.
Toney,BE45871425628276,BE65358241637522,Mon Mar 09 10:56:01 CET 2020,779.85,EUR,Harum officia beatae.
Toney,BE45871425628276,BE10815208713881,Tue Mar 10 07:55:07 CET 2020,-1258.66,EUR,Atque debitis similique.
Toney,BE45871425628276,BE67527030229067,Thu Mar 05 12:55:49 CET 2020,-3060.2,EUR,Omnis esse voluptas incidunt amet dignissimos labore.
Toney,BE45871425628276,BE68898107296612,Sun Mar 15 02:57:21 CET 2020,-2596.26,EUR,Ipsa voluptate culpa.
Toney,BE45871425628276,BE53058331173312,Sun Mar 08 00:13:22 CET 2020,-4838.05,EUR,Consequatur sed enim sint fugiat.
Toney,BE45871425628276,BE27561806337659,Fri Mar 13 20:44:29 CET 2020,-1738.03,EUR,Sit aut nemo voluptas.
Toney,BE45871425628276,BE02293168591427,Thu Mar 12 21:04:49 CET 2020,4868.91,EUR,Perferendis enim quis est qui.
Toney,BE45871425628276,BE36232341543210,Wed Mar 11 04:22:27 CET 2020,1481.01,EUR,Velit ut alias architecto aut sed nesciunt repudiandae.
Toney,BE45871425628276,BE26071268036056,Tue Mar 10 10:08:47 CET 2020,2824.62,EUR,Quod et rerum molestias sit labore.
Beatriz,BE97984638978878,BE73253726084556,Thu Mar 12 16:05:57 CET 2020,-3113.33,EUR,Velit quo qui odit atque deleniti dolorum quia.
Beatriz,BE97984638978878,BE91039958279341,Thu Mar 05 09:07:27 CET 2020,-3342.44,EUR,Perspiciatis qui error natus qui qui unde.
Beatriz,BE97984638978878,BE80818592630274,Sat Mar 14 23:32:45 CET 2020,-1922.89,EUR,Est adipisci quidem dignissimos.
Beatriz,BE97984638978878,BE28565960464297,Mon Mar 16 11:40:14 CET 2020,603.17,EUR,Delectus animi nihil.
Beatriz,BE97984638978878,BE60468548302767,Thu Mar 12 17:07:40 CET 2020,-1815.95,EUR,Aspernatur molestias animi et iure reiciendis omnis.
Beatriz,BE97984638978878,BE21287718490788,Sat Mar 14 18:17:51 CET 2020,3737.91,EUR,Vel praesentium atque.
Josphine,BE67659345794000,BE14151396128842,Sat Feb 22 01:10:21 CET 2020,-3751.92,EUR,Cupiditate atque enim.
Josphine,BE67659345794000,BE98830757377931,Wed Mar 11 17:54:34 CET 2020,342.15,EUR,Reprehenderit consequatur esse nostrum et suscipit error omnis.
Josphine,BE67659345794000,BE04373115717075,Fri Mar 13 05:00:31 CET 2020,783.5,EUR,Voluptas ad sit eos qui.
Josphine,BE67659345794000,BE55883944554408,Sun Mar 15 13:32:50 CET 2020,-4577.49,EUR,Debitis autem ut eius.
Love,BE44479224473904,BE16607339418257,Sat Feb 29 22:48:02 CET 2020,1881.77,EUR,Expedita fugiat rerum.
Love,BE44479224473904,BE36277876802812,Sun Mar 15 13:30:08 CET 2020,3153.21,EUR,Saepe quo soluta est.
Love,BE44479224473904,BE83369815332848,Wed Mar 11 03:54:04 CET 2020,2147.45,EUR,Culpa ex vel quo inventore.
Suzanne,BE95900944612086,BE63566951316242,Mon Mar 16 06:11:02 CET 2020,1502.11,EUR,Animi nihil et tempore quis tempore voluptatem dolorem.
Suzanne,BE95900944612086,BE12867072396134,Mon Mar 09 20:51:29 CET 2020,-955.39,EUR,Aut doloremque debitis similique fugiat commodi unde.
Suzanne,BE95900944612086,BE74516304604097,Sun Mar 08 23:26:38 CET 2020,-3337.83,EUR,Modi odio repellendus omnis.
Suzanne,BE95900944612086,BE31722367682011,Sun Mar 01 02:37:08 CET 2020,1384.47,EUR,Qui ut eos aut.
Suzanne,BE95900944612086,BE73091391166621,Sat Mar 14 08:13:43 CET 2020,-3076.7,EUR,Ut quis reprehenderit ipsa earum necessitatibus.
Suzanne,BE95900944612086,BE84758204895791,Sat Mar 14 12:59:48 CET 2020,1456.05,EUR,Nemo iusto consectetur velit.
Suzanne,BE95900944612086,BE38141385925029,Mon Mar 16 07:15:19 CET 2020,-1594.81,EUR,Velit tempore et dolores.
Suzanne,BE95900944612086,BE67042480171230,Thu Feb 27 12:02:15 CET 2020,-4098.57,EUR,Aperiam quidem est ut error corporis vel in.
Tambra,BE62881128722755,BE54927779074034,Sun Mar 08 08:14:16 CET 2020,-3727.54,EUR,In dicta labore aut.
Tambra,BE62881128722755,BE14617008000090,Mon Mar 16 01:52:47 CET 2020,4274.35,EUR,Voluptas delectus necessitatibus adipisci dolore.
Tambra,BE62881128722755,BE36138745849778,Mon Mar 09 02:14:02 CET 2020,-4310.52,EUR,Tenetur non sequi sit molestiae eligendi.
Arnita,BE54280737201538,BE34177140938349,Wed Mar 11 22:04:13 CET 2020,-2369.85,EUR,Aut explicabo atque quaerat est non in consectetur.
Arnita,BE54280737201538,BE37054833273187,Mon Mar 02 19:53:32 CET 2020,4149.39,EUR,Ab laboriosam similique minus voluptates.
Arnita,BE54280737201538,BE57937108746507,Sat Mar 14 22:51:46 CET 2020,-4072.49,EUR,Quaerat non perspiciatis molestias.
Arnita,BE54280737201538,BE06240679571794,Thu Mar 12 22:40:03 CET 2020,4477.63,EUR,Quis dolores dolorem laborum aut non.
Arnita,BE54280737201538,BE30955255112688,Sat Mar 14 19:00:26 CET 2020,-695.28,EUR,Perspiciatis molestiae et.
Arnita,BE54280737201538,BE29153530606394,Sun Mar 08 20:15:46 CET 2020,2842.34,EUR,Fugiat ullam autem delectus enim velit architecto.
Arnita,BE54280737201538,BE83065244196223,Sat Mar 07 17:13:39 CET 2020,362.04,EUR,Quam laudantium consequuntur dolore in id quisquam qui.
Arnita,BE54280737201538,BE05058285335759,Tue Mar 03 13:36:02 CET 2020,-2178.73,EUR,Maxime explicabo rerum voluptatem laborum quis molestiae.
Arnita,BE54280737201538,BE48224884624635,Thu Mar 12 18:37:59 CET 2020,3474.35,EUR,Et perspiciatis harum aut deleniti rem iure.
Murray,BE20202395506782,BE64559669294200,Sat Mar 14 14:39:56 CET 2020,-867.85,EUR,Et ab id et hic dolor laborum.
Murray,BE20202395506782,BE47200941194802,Tue Mar 10 20:48:02 CET 2020,1724.2,EUR,Amet aut veritatis.
Murray,BE20202395506782,BE32767782187944,Wed Mar 11 00:35:04 CET 2020,-4683.66,EUR,Nisi sit nemo ducimus dignissimos aut.
Murray,BE20202395506782,BE41893495552766,Mon Mar 02 05:21:57 CET 2020,3393.27,EUR,Voluptatibus eaque modi explicabo officiis.
Murray,BE20202395506782,BE71016166219417,Wed Mar 04 12:30:11 CET 2020,4292.16,EUR,Enim et corporis quibusdam voluptatum quis harum.
Murray,BE20202395506782,BE47118004147908,Mon Mar 02 23:28:14 CET 2020,3596.1,EUR,Consequatur non deleniti.
Murray,BE20202395506782,BE25901367424027,Sat Mar 14 03:34:06 CET 2020,-2120.64,EUR,Aperiam rerum temporibus aut consequatur voluptatibus.
Murray,BE20202395506782,BE97373188377907,Fri Mar 06 22:24:45 CET 2020,-3065.23,EUR,Magnam aliquid asperiores.
Murray,BE20202395506782,BE34478329801277,Tue Mar 10 12:27:15 CET 2020,670.09,EUR,Recusandae pariatur qui ipsam.
Edgardo,BE83647966126095,BE92566236013373,Tue Mar 03 23:47:02 CET 2020,-1956.64,EUR,Non laudantium deleniti.
Edgardo,BE83647966126095,BE58720708379155,Mon Feb 24 08:38:48 CET 2020,4814.16,EUR,Sunt totam minima doloremque et.
Edgardo,BE83647966126095,BE47714308968186,Fri Mar 06 06:39:59 CET 2020,-2318.02,EUR,Possimus commodi magni veritatis dolore sunt officiis.
Dennis,BE91864357856308,BE35796449968015,Sat Mar 14 10:11:55 CET 2020,-3064.06,EUR,Vel consectetur asperiores perspiciatis hic explicabo animi.
Dennis,BE91864357856308,BE82621774004141,Sun Mar 15 13:28:53 CET 2020,1152.84,EUR,Cupiditate eveniet quam recusandae aperiam.
Dennis,BE91864357856308,BE02119475169917,Sun Mar 15 05:30:00 CET 2020,919.7,EUR,Accusamus facere harum quia magni dolores.
Dennis,BE91864357856308,BE87057281109579,Mon Mar 16 09:28:08 CET 2020,-4227.62,EUR,Molestias molestias tempora eius qui consectetur.
Dennis,BE91864357856308,BE83429220472391,Sat Mar 14 12:18:34 CET 2020,-1352.26,EUR,Debitis dignissimos velit veritatis quasi maxime fugit voluptatum.
Dennis,BE91864357856308,BE18581974968246,Sat Mar 14 04:51:57 CET 2020,-666.6,EUR,Ut quos quia nemo minima nulla.
Lenny,BE71805935211986,BE03009787417997,Sat Mar 14 11:54:22 CET 2020,-4723.62,EUR,Sit voluptas perspiciatis laboriosam iusto aliquam dolorum.
Lenny,BE71805935211986,BE95337213272180,Sun Mar 15 04:34:39 CET 2020,-1808.98,EUR,Nam quia voluptas aut aut in reiciendis.
Lenny,BE71805935211986,BE91744477320641,Tue Mar 10 18:21:51 CET 2020,3946.02,EUR,Tenetur amet reprehenderit perspiciatis.
Lenny,BE71805935211986,BE41688572126298,Fri Mar 06 03:48:50 CET 2020,2235.06,EUR,Ab facere tempora omnis est labore non quia.
Lenny,BE71805935211986,BE31459859549532,Fri Feb 28 20:05:58 CET 2020,-2667.08,EUR,Exercitationem et beatae animi ex.
Stacy,BE49721797660314,BE65875936048667,Sat Mar 14 07:07:49 CET 2020,-2676.92,EUR,Sed blanditiis ex sint.
Stacy,BE49721797660314,BE38769406495710,Sat Mar 07 18:07:23 CET 2020,-3025.04,EUR,Deleniti omnis nobis ullam.
Stacy,BE49721797660314,BE31262828267716,Wed Mar 11 00:00:29 CET 2020,-2443.83,EUR,Et laborum cum minima alias aliquid.
Marisela,BE41631328959130,BE10286182256202,Sun Mar 08 15:59:42 CET 2020,-2784.89,EUR,Magni corporis aut voluptatum sunt illum odio deleniti.
Marisela,BE41631328959130,BE48134704229714,Mon Mar 09 21:40:28 CET 2020,917.98,EUR,Culpa quia sapiente.
Marisela,BE41631328959130,BE98674543623559,Mon Feb 24 10:17:06 CET 2020,4278.27,EUR,Sapiente quibusdam veritatis velit rerum ex dignissimos.
Alexandra,BE63344692745846,BE16135292880028,Thu Mar 12 04:26:05 CET 2020,264.53,EUR,Labore qui doloremque omnis aliquid consequuntur aliquid placeat.
Alexandra,BE63344692745846,BE21558821194486,Fri Mar 13 08:57:28 CET 2020,-4066.47,EUR,Sequi libero consequatur rem commodi aut distinctio.
Alexandra,BE63344692745846,BE93136300997702,Wed Mar 11 02:00:44 CET 2020,-3607.45,EUR,Possimus quas laudantium rerum recusandae.
Lucius,BE38000785464287,BE93997310742439,Tue Mar 10 05:03:53 CET 2020,-4405.94,EUR,Unde molestiae animi alias recusandae.
Lucius,BE38000785464287,BE76557080590867,Fri Mar 06 13:16:29 CET 2020,880.69,EUR,Sed earum eaque sequi nesciunt unde repellendus culpa.
Wilbur,BE47213625433073,BE20910119938787,Mon Mar 16 12:11:29 CET 2020,-889.54,EUR,Facilis sit ratione repellendus numquam omnis hic sapiente.
Wilbur,BE47213625433073,BE82481138289525,Sun Mar 15 20:22:28 CET 2020,-763.78,EUR,Sapiente sint nisi doloremque.
Wilbur,BE47213625433073,BE34915676707307,Thu Mar 12 07:59:08 CET 2020,4692.78,EUR,Sit dolore facere vitae in quia quo.
Wilbur,BE47213625433073,BE44407182004611,Tue Feb 18 18:08:22 CET 2020,-3911.73,EUR,Eos vitae temporibus itaque nihil ratione voluptas.
Wilbur,BE47213625433073,BE30432496578311,Mon Mar 09 15:39:43 CET 2020,-293.7,EUR,Veritatis sequi at et aperiam tempora enim.
Wilbur,BE47213625433073,BE36344262934191,Sat Mar 07 02:39:27 CET 2020,2610.33,EUR,Quibusdam natus voluptatem ut porro placeat tempora optio.
Wilbur,BE47213625433073,BE30116646589176,Wed Mar 04 14:32:54 CET 2020,-3382.51,EUR,Odit doloribus amet libero.
Wilbur,BE47213625433073,BE66409704006252,Sat Mar 14 08:56:54 CET 2020,-1275.31,EUR,Illum ea rerum qui iure.
Wilbur,BE47213625433073,BE75167943615667,Tue Mar 10 15:53:05 CET 2020,4090.89,EUR,Deserunt et illo in.
Wilbur,BE47213625433073,BE86515056017747,Thu Mar 12 15:17:47 CET 2020,731.66,EUR,Itaque provident natus.
Krysten,BE37965359815865,BE83932573111108,Sun Mar 15 23:03:55 CET 2020,1176.06,EUR,Reiciendis aperiam eligendi dolor ut quas qui aut.
Krysten,BE37965359815865,BE36160707264079,Wed Mar 11 03:31:02 CET 2020,833.37,EUR,Ducimus et laudantium ullam qui.
Krysten,BE37965359815865,BE49295386508676,Sun Mar 15 04:34:50 CET 2020,1671.61,EUR,Dolor nisi aut.
Krysten,BE37965359815865,BE61232340739697,Tue Mar 10 02:24:18 CET 2020,-3533.18,EUR,Voluptatibus corporis tenetur ea.
Deandrea,BE44798422349945,BE27297551938236,Sun Mar 08 18:23:23 CET 2020,-2277.23,EUR,Libero sunt eius.
Deandrea,BE44798422349945,BE43449012163476,Wed Mar 11 21:41:01 CET 2020,2301.13,EUR,Nostrum accusantium molestiae molestias facere dignissimos odio et.
Deandrea,BE44798422349945,BE15227140666458,Tue Feb 18 07:36:12 CET 2020,-4713.14,EUR,Sint quo eaque eum exercitationem odio.
Deandrea,BE44798422349945,BE42526158176722,Wed Mar 11 18:04:14 CET 2020,-2269.61,EUR,Dolor maxime perspiciatis sed.
Deandrea,BE44798422349945,BE07388632248786,Thu Mar 12 18:33:38 CET 2020,-3142.45,EUR,Maiores aspernatur ad in architecto modi beatae.
Deandrea,BE44798422349945,BE15656309428962,Fri Mar 06 15:50:34 CET 2020,4509.46,EUR,Aperiam numquam ut omnis fugiat qui.
Dario,BE18164253037129,BE98915484353021,Mon Mar 16 03:26:46 CET 2020,-4221.98,EUR,Culpa numquam doloribus pariatur.
Dario,BE18164253037129,BE93545442357125,Fri Mar 13 10:40:59 CET 2020,-3449.38,EUR,Reprehenderit vel eaque odio tenetur nobis dolores.
Dario,BE18164253037129,BE38226179655519,Mon Mar 16 09:32:32 CET 2020,-3360.95,EUR,Ut nisi aperiam.
Dario,BE18164253037129,BE95432012869181,Sun Mar 15 22:53:05 CET 2020,-4861.69,EUR,Ipsam excepturi maiores minima doloremque est deleniti.
Dario,BE18164253037129,BE40015179850061,Mon Mar 16 13:25:00 CET 2020,-3094.95,EUR,Asperiores in voluptatum beatae exercitationem neque.
Dario,BE18164253037129,BE82634554355638,Mon Mar 16 04:54:22 CET 2020,2125.8,EUR,Sed doloribus itaque voluptas provident ut facilis sint.
Dario,BE18164253037129,BE15261786196713,Sun Mar 15 12:42:13 CET 2020,-363.59,EUR,Nam excepturi officia et recusandae et.
Dario,BE18164253037129,BE27727542210618,Mon Mar 16 06:19:18 CET 2020,-1855.34,EUR,Et sunt sit iusto dolore dolores inventore.
Bruce,BE37902248559783,BE41990807283509,Sat Feb 29 03:00:31 CET 2020,-732.93,EUR,Quo repellendus blanditiis aut.
Bruce,BE37902248559783,BE88626052092421,Mon Mar 02 08:18:40 CET 2020,2231.23,EUR,Et ut accusantium rerum.
Bruce,BE37902248559783,BE11422105770649,Fri Feb 28 17:53:35 CET 2020,3829.71,EUR,Maiores sint exercitationem suscipit.
Bruce,BE37902248559783,BE81123318977989,Thu Feb 20 03:37:04 CET 2020,3580.97,EUR,Delectus distinctio laborum deleniti placeat architecto.
Bruce,BE37902248559783,BE80126000691417,Sat Mar 07 08:57:35 CET 2020,3529.96,EUR,Aspernatur non quasi repellendus cum commodi quia.
Bruce,BE37902248559783,BE80978187435852,Sun Mar 08 19:30:09 CET 2020,-3182.71,EUR,Dolores animi omnis deleniti quasi quod consequatur laudantium.
Bruce,BE37902248559783,BE25221069758027,Thu Mar 12 13:51:39 CET 2020,-1729.96,EUR,Qui unde praesentium expedita doloremque et harum quo.
Bruce,BE37902248559783,BE43172150605183,Sat Mar 07 15:14:46 CET 2020,-4235.45,EUR,Vel et fugiat libero fugiat.
Apolonia,BE79252277507788,BE91024471538992,Fri Mar 13 01:02:39 CET 2020,2195.17,EUR,Dolor exercitationem sunt maxime assumenda.
Apolonia,BE79252277507788,BE95108649747762,Wed Mar 04 16:44:50 CET 2020,-918.61,EUR,Ipsam aliquam rerum aut.
Apolonia,BE79252277507788,BE23807213066018,Mon Mar 16 06:52:10 CET 2020,-34.67,EUR,Labore voluptas sed.
Apolonia,BE79252277507788,BE66273438885238,Fri Mar 13 12:52:44 CET 2020,-2559.44,EUR,Atque tempora dolores pariatur soluta.
Apolonia,BE79252277507788,BE49936917335484,Mon Mar 02 17:16:26 CET 2020,-2473.17,EUR,Ducimus blanditiis quam beatae et.
Jeffry,BE06319286994782,BE07085808694716,Tue Mar 03 16:07:35 CET 2020,-3458.78,EUR,Voluptates modi quae voluptatem corporis.
Jeffry,BE06319286994782,BE59070711670331,Thu Mar 12 17:39:35 CET 2020,-759.64,EUR,Eos rerum quam ipsa fugiat.
Jeffry,BE06319286994782,BE42229342223077,Wed Mar 11 07:10:42 CET 2020,-4633.7,EUR,Rerum voluptas dolorem quia quo ducimus ut.
Cheyenne,BE25959550881065,BE77803282830589,Tue Mar 03 05:48:29 CET 2020,-739.67,EUR,Eius ut non.
Cheyenne,BE25959550881065,BE57120449636747,Sun Mar 15 07:25:32 CET 2020,-251.39,EUR,Temporibus expedita aut doloremque enim.
Cheyenne,BE25959550881065,BE14335041739876,Sat Mar 07 13:12:55 CET 2020,4818.6,EUR,Pariatur repellat aut aperiam et.
Neal,BE88755692526752,BE32819661184496,Mon Mar 16 00:37:56 CET 2020,-1876.35,EUR,Iusto quisquam veritatis rerum animi ut praesentium aliquid.
Neal,BE88755692526752,BE32569798182992,Wed Mar 11 18:37:44 CET 2020,1915.14,EUR,In animi aut a illum culpa.
Neal,BE88755692526752,BE84487836911997,Tue Mar 10 13:41:43 CET 2020,-2407.89,EUR,Accusantium et in beatae ipsam.
Neal,BE88755692526752,BE27252829323003,Mon Feb 24 04:22:16 CET 2020,1483.38,EUR,Distinctio voluptas exercitationem labore minima.
Neal,BE88755692526752,BE54210724570832,Sun Mar 15 18:24:00 CET 2020,-1432.56,EUR,Adipisci qui minus velit reiciendis mollitia doloribus.
Dorian,BE39808995107244,BE89344858068298,Tue Mar 10 12:07:31 CET 2020,2001.96,EUR,Quasi alias voluptas est.
Loria,BE52856965551709,BE50538140910752,Thu Mar 05 01:20:24 CET 2020,-3647.03,EUR,Quia non earum excepturi nobis ad.
Loria,BE52856965551709,BE80965519306371,Thu Mar 12 06:07:06 CET 2020,-1857.98,EUR,Voluptatum omnis qui doloremque officia ut maxime.
Loria,BE52856965551709,BE52634223068392,Thu Feb 27 14:10:51 CET 2020,-2411.81,EUR,Delectus occaecati eos.
Ricky,BE87236625226707,BE57261727420165,Fri Mar 13 02:28:26 CET 2020,-3588.88,EUR,Molestias est modi earum nisi.
Hipolito,BE79334057395413,BE45330117418015,Sat Mar 14 09:50:03 CET 2020,-1820.3,EUR,Quia minima culpa.
Hipolito,BE79334057395413,BE95570953117499,Thu Mar 05 05:58:19 CET 2020,-588.26,EUR,Aut architecto rerum voluptatem iusto quas non.
Hipolito,BE79334057395413,BE06293675129041,Sat Mar 07 04:01:38 CET 2020,-1522.47,EUR,Quia est ab quas rerum dolores.
Hipolito,BE79334057395413,BE28036313870583,Thu Mar 12 14:43:56 CET 2020,-2256.83,EUR,Aut beatae autem aliquam molestias voluptate placeat.
Hipolito,BE79334057395413,BE34325719272149,Wed Mar 11 20:42:12 CET 2020,-4173.03,EUR,In fugiat et nostrum.
Hipolito,BE79334057395413,BE71826675352928,Thu Mar 05 02:55:58 CET 2020,-1208.33,EUR,Iusto soluta ut molestiae.
Hipolito,BE79334057395413,BE53127411152801,Mon Mar 16 06:48:16 CET 2020,-3707.33,EUR,Delectus nemo vel recusandae velit alias et perspiciatis.
Hipolito,BE79334057395413,BE75998549454685,Thu Mar 12 09:36:21 CET 2020,-4683.13,EUR,Nemo neque corporis quo deserunt nobis soluta.
Hipolito,BE79334057395413,BE59203094255668,Tue Mar 10 10:27:17 CET 2020,-921.91,EUR,Earum tempora adipisci.
Randee,BE35971816697531,BE13019240004961,Sun Mar 15 15:55:11 CET 2020,-4994.55,EUR,Vitae et perferendis.
Randee,BE35971816697531,BE55005889358377,Sun Mar 08 07:58:25 CET 2020,-668.85,EUR,Qui consequatur et iusto.
Randee,BE35971816697531,BE80381789531658,Fri Feb 28 13:35:04 CET 2020,3994.51,EUR,Ut dolorem tenetur sed laudantium in qui.
Vito,BE10574590941651,BE48386165258882,Wed Feb 19 18:58:08 CET 2020,4295.19,EUR,Ut magni fuga id reprehenderit dignissimos.
Vito,BE10574590941651,BE78998234754427,Sun Mar 15 01:19:39 CET 2020,-2476.94,EUR,Sunt voluptas ipsam modi.
Vito,BE10574590941651,BE43513533821674,Sat Mar 14 04:57:52 CET 2020,-2167.28,EUR,Blanditiis reiciendis blanditiis sit nostrum qui.
Vito,BE10574590941651,BE75843005715494,Sat Mar 14 20:59:09 CET 2020,-3781.59,EUR,In nemo nostrum quia sed qui et.
Vito,BE10574590941651,BE92241450568441,Mon Mar 09 13:53:36 CET 2020,2200.31,EUR,Sit blanditiis in nulla molestiae.
Vito,BE10574590941651,BE11687511206895,Sat Mar 14 08:49:43 CET 2020,-1594.5,EUR,Incidunt repudiandae sed et quibusdam.
Vito,BE10574590941651,BE97657059472905,Sun Mar 15 08:34:22 CET 2020,3200.71,EUR,Necessitatibus amet velit ab quibusdam aut quae est.
Vito,BE10574590941651,BE40002491222831,Fri Mar 06 12:08:53 CET 2020,-1474.6,EUR,Animi ab praesentium non.
Vito,BE10574590941651,BE42831191812451,Sat Mar 07 16:27:51 CET 2020,4973.75,EUR,Eum exercitationem est aut amet hic et.
Rodney,BE17270303883174,BE47987996212052,Sat Mar 14 03:06:39 CET 2020,4799.04,EUR,Quam aut inventore sit omnis rerum explicabo reiciendis.
Rodney,BE17270303883174,BE91423548834717,Sun Mar 15 04:48:40 CET 2020,953.77,EUR,Dolores perferendis harum sunt earum odio maxime.
Rodney,BE17270303883174,BE27907287918125,Sat Mar 07 08:30:37 CET 2020,3535.87,EUR,Sunt doloremque atque omnis quis cupiditate qui.
Rodney,BE17270303883174,BE07647504231214,Sun Mar 08 01:45:46 CET 2020,-4401.66,EUR,Itaque culpa qui tempore exercitationem velit molestiae.
Rodney,BE17270303883174,BE36870010949204,Sat Mar 14 10:29:11 CET 2020,-1107.81,EUR,Quisquam consequatur neque odit consequatur.
Rodney,BE17270303883174,BE82867268891363,Sun Feb 23 03:08:13 CET 2020,-1964.12,EUR,Occaecati alias rerum adipisci ab voluptas facilis autem.
Rodney,BE17270303883174,BE78527767947334,Sun Mar 08 21:57:45 CET 2020,54.85,EUR,Praesentium minima qui.
Sydney,BE80898103147027,BE77769962072693,Fri Feb 21 15:34:41 CET 2020,-2571.27,EUR,Velit ea adipisci assumenda et dolores et.
Sydney,BE80898103147027,BE52764693394468,Fri Mar 13 05:13:18 CET 2020,2450.45,EUR,Similique suscipit expedita quibusdam placeat esse laboriosam.
Sydney,BE80898103147027,BE86700821881553,Sat Mar 14 11:11:30 CET 2020,-2175.47,EUR,Sunt aperiam architecto quis.
Sydney,BE80898103147027,BE89859125797788,Fri Feb 28 11:35:01 CET 2020,2303.05,EUR,Impedit qui tempore.
Sydney,BE80898103147027,BE38458745494997,Tue Feb 25 03:07:24 CET 2020,-193.56,EUR,Ex ratione fugiat.
Sydney,BE80898103147027,BE23422430542438,Fri Mar 06 01:09:04 CET 2020,-1011.47,EUR,Praesentium magnam est sit.
Sydney,BE80898103147027,BE19299029410273,Sun Mar 15 19:25:07 CET 2020,-2381.63,EUR,Voluptatem cupiditate magnam debitis est qui.
Forest,BE37555107577813,BE24636557077755,Fri Mar 06 12:03:23 CET 2020,-1795.41,EUR,Sed dolorem delectus amet.
Forest,BE37555107577813,BE76334746608597,Mon Mar 02 01:52:19 CET 2020,-1499.08,EUR,Debitis provident et consequatur et veritatis minima neque.
Forest,BE37555107577813,BE54453036201391,Fri Mar 13 01:27:04 CET 2020,-4533.62,EUR,Numquam quia qui alias occaecati beatae aliquid.
Carlos,BE50810726193393,BE52887468720923,Wed Mar 11 17:56:42 CET 2020,4187.1,EUR,Molestiae doloremque dolores aliquid.
Carlos,BE50810726193393,BE92036040449711,Sat Mar 07 16:33:17 CET 2020,3118.23,EUR,Quam fuga id et et quis.
Carlos,BE50810726193393,BE51094955801393,Fri Mar 06 20:10:12 CET 2020,-3991.3,EUR,Consequatur dolore quo totam pariatur consectetur in voluptate.
Carlos,BE50810726193393,BE24285626168627,Mon Mar 16 12:35:20 CET 2020,3472.78,EUR,Est ab iure maxime quisquam minus impedit.
Estell,BE69934086521656,BE93818343407261,Wed Mar 11 06:30:07 CET 2020,1124.73,EUR,Qui ipsa et et.
Eve,BE90785338841677,BE20879115462321,Mon Mar 09 05:28:55 CET 2020,-3514.87,EUR,Laborum et consequatur molestiae deserunt dolorum adipisci a.
Eve,BE90785338841677,BE79380596511216,Sat Mar 14 16:34:29 CET 2020,2458.05,EUR,Non harum totam sit nam.
Eve,BE90785338841677,BE66587551741919,Sat Feb 29 00:34:43 CET 2020,2326.78,EUR,Et suscipit perferendis.
Eve,BE90785338841677,BE58487878091099,Mon Mar 02 02:18:24 CET 2020,4898.11,EUR,Ut ut tenetur rerum quia enim a deleniti.
Eve,BE90785338841677,BE03464286972058,Wed Mar 04 15:45:53 CET 2020,995.98,EUR,Ducimus repudiandae vel minus eum.
Eve,BE90785338841677,BE40144781663745,Sun Mar 08 09:18:47 CET 2020,1573.43,EUR,Suscipit repellendus ut nulla sed ut.
Eve,BE90785338841677,BE55126439983333,Fri Mar 06 19:53:59 CET 2020,1958.12,EUR,Ab accusantium voluptate itaque commodi.
Eve,BE90785338841677,BE57931368246737,Sun Mar 15 07:07:49 CET 2020,-3992.63,EUR,Ipsam et voluptatem optio.
Eve,BE90785338841677,BE25535816404948,Mon Mar 16 10:49:37 CET 2020,4083.0,EUR,Ipsum incidunt autem harum impedit magnam animi autem.
Eve,BE90785338841677,BE03600499118753,Mon Mar 16 11:10:47 CET 2020,-3072.5,EUR,Quos est rerum sit.
Darcie,BE22980050924654,BE53684289299632,Sun Mar 15 05:00:13 CET 2020,-1269.06,EUR,Molestias qui ea aperiam.
Darcie,BE22980050924654,BE48408909291105,Mon Feb 24 08:43:54 CET 2020,4763.77,EUR,Voluptatem adipisci dolorum excepturi et.
Darcie,BE22980050924654,BE06307730153464,Mon Mar 16 09:44:24 CET 2020,4279.16,EUR,Nesciunt aliquam vitae.
Darcie,BE22980050924654,BE69309611414950,Mon Mar 09 10:28:33 CET 2020,-1285.88,EUR,Et minus quasi.
Idella,BE67759612386952,BE49885002481815,Sun Mar 15 02:31:33 CET 2020,439.03,EUR,Hic eum doloremque beatae.
Idella,BE67759612386952,BE84831072889016,Mon Mar 09 07:10:01 CET 2020,-3602.66,EUR,Voluptatem totam debitis sint voluptatem.
Idella,BE67759612386952,BE30462063571425,Fri Mar 13 22:18:08 CET 2020,3120.67,EUR,Impedit possimus eaque deserunt dolore vel ipsa earum.
Idella,BE67759612386952,BE26948296057571,Sat Feb 29 23:09:24 CET 2020,-4122.8,EUR,Odit eum veritatis.
Idella,BE67759612386952,BE52199971922212,Mon Mar 16 02:24:45 CET 2020,3777.36,EUR,Soluta enim ipsa impedit atque ipsum et omnis.
Idella,BE67759612386952,BE72302956087465,Sun Mar 08 14:20:19 CET 2020,-4620.57,EUR,Inventore ut aut error neque voluptatem praesentium.
Idella,BE67759612386952,BE50491242789995,Sun Mar 15 08:33:32 CET 2020,2864.68,EUR,Error saepe nostrum eaque dolor sunt sed.
Idella,BE67759612386952,BE81433377144557,Wed Mar 11 17:01:08 CET 2020,2978.57,EUR,Et ipsum mollitia cumque vel in quas est.
Idella,BE67759612386952,BE78673951422817,Thu Mar 05 09:57:55 CET 2020,-390.6,EUR,Odio recusandae excepturi alias illo natus sed dolorem.
Idella,BE67759612386952,BE31485993077393,Fri Mar 13 11:10:14 CET 2020,3715.88,EUR,Non eos qui vel exercitationem voluptatibus aspernatur.
Daryl,BE68097874354838,BE31155733723320,Sat Mar 07 14:46:48 CET 2020,-3669.73,EUR,Sequi illo repudiandae atque impedit voluptatibus facilis neque.
Daryl,BE68097874354838,BE12255834427214,Fri Mar 06 02:02:31 CET 2020,-4698.08,EUR,In incidunt magni expedita ut porro.
Daryl,BE68097874354838,BE50663378721596,Fri Mar 13 20:16:29 CET 2020,913.52,EUR,Voluptatem consectetur perspiciatis natus et nemo dolor beatae.
Daryl,BE68097874354838,BE28659613697256,Wed Mar 11 15:56:19 CET 2020,861.19,EUR,Quos id provident.
Sharyn,BE61069802592891,BE35747244978805,Tue Mar 10 08:23:19 CET 2020,-1209.66,EUR,Enim quo at quasi dignissimos ducimus.
Sharyn,BE61069802592891,BE86443140148877,Sun Mar 15 15:30:56 CET 2020,-3739.58,EUR,Qui aut aut molestias.
Sharyn,BE61069802592891,BE16903150788977,Tue Mar 03 05:32:09 CET 2020,4668.8,EUR,Temporibus non tempora aut quia et.
Sharyn,BE61069802592891,BE48896955212840,Wed Mar 04 22:54:12 CET 2020,-490.42,EUR,Sunt maiores error voluptates aliquid magnam natus natus.
Sharyn,BE61069802592891,BE52104991856323,Mon Mar 16 04:36:13 CET 2020,594.95,EUR,Rerum aperiam consequatur eum minus error.
Sharyn,BE61069802592891,BE40315953043254,Sat Mar 07 23:34:12 CET 2020,-4849.45,EUR,Error esse aut.
Sharyn,BE61069802592891,BE10428365880134,Sat Mar 14 07:01:36 CET 2020,1222.64,EUR,Aut est aut.
Sharyn,BE61069802592891,BE84169230086832,Sun Mar 15 07:40:02 CET 2020,-3370.34,EUR,Ad hic ducimus cum id asperiores quos quam.
Sharyn,BE61069802592891,BE12208138967524,Sat Mar 14 22:22:24 CET 2020,4222.11,EUR,Optio ut quod dicta ducimus.
Miss,BE44746514354758,BE24060494922667,Mon Mar 16 03:05:38 CET 2020,-4777.08,EUR,Cupiditate omnis repudiandae nam et consequuntur.
Miss,BE44746514354758,BE25063672385211,Sat Feb 29 16:25:26 CET 2020,-4846.49,EUR,Doloremque quam incidunt veniam placeat praesentium ratione.
Miss,BE44746514354758,BE28865907829657,Sat Feb 29 10:28:46 CET 2020,3615.02,EUR,Quis tempore et itaque.
Miss,BE44746514354758,BE98840911542892,Sun Mar 08 13:29:28 CET 2020,-3692.49,EUR,Dolor ipsum itaque.
Miss,BE44746514354758,BE32716582938777,Sun Mar 15 19:32:34 CET 2020,2309.85,EUR,Porro officiis accusantium sed sed consequatur et eaque.
Miss,BE44746514354758,BE17039749737075,Thu Mar 12 03:27:43 CET 2020,-392.8,EUR,Distinctio quidem et quia non.
Miss,BE44746514354758,BE45051618856585,Tue Mar 03 12:59:18 CET 2020,-4151.32,EUR,Totam voluptate aut qui alias quasi.
Miss,BE44746514354758,BE78615572039844,Sun Mar 15 05:04:15 CET 2020,-1608.58,EUR,Et aut quisquam nihil.
Jonathon,BE54668147111156,BE46104283784173,Sun Mar 15 08:14:05 CET 2020,-2535.84,EUR,Voluptas dolores enim.
Jonathon,BE54668147111156,BE84101879790294,Mon Mar 16 05:48:59 CET 2020,-4679.44,EUR,Consectetur aut at mollitia et eos quia excepturi.
Crista,BE32070225090978,BE69176605599763,Thu Feb 27 19:38:28 CET 2020,3991.54,EUR,Voluptates vitae deleniti impedit labore laborum.
Evalyn,BE34108678313323,BE58361115499328,Mon Feb 24 12:23:59 CET 2020,-3572.85,EUR,Recusandae sit rerum voluptas est.
Evalyn,BE34108678313323,BE73489006156015,Tue Mar 03 11:43:33 CET 2020,4183.35,EUR,Nulla alias sapiente fugit alias exercitationem velit.
Evalyn,BE34108678313323,BE69902382220066,Thu Mar 12 19:52:42 CET 2020,215.97,EUR,Aut aspernatur harum nostrum qui modi.
Evalyn,BE34108678313323,BE39503726970038,Sat Mar 14 02:51:11 CET 2020,3243.2,EUR,Quisquam ut a.
Evalyn,BE34108678313323,BE07083161810417,Mon Mar 16 13:39:40 CET 2020,-3816.68,EUR,Tempore iusto aut mollitia laborum.
Evalyn,BE34108678313323,BE81841613541898,Fri Mar 13 02:14:42 CET 2020,-2717.63,EUR,Numquam quo est delectus natus.
Evalyn,BE34108678313323,BE38652243673742,Sun Mar 15 15:35:15 CET 2020,-3337.6,EUR,Sapiente eaque dignissimos enim maiores.
Evalyn,BE34108678313323,BE62583767763261,Sat Mar 07 10:27:19 CET 2020,-2701.59,EUR,A ducimus veritatis quia ut eum veniam.
Evalyn,BE34108678313323,BE50562214124275,Sun Mar 15 16:41:46 CET 2020,-3795.0,EUR,Labore reiciendis magnam aliquam enim ullam laudantium.
Evalyn,BE34108678313323,BE12518736217121,Tue Mar 03 04:43:44 CET 2020,3423.42,EUR,Deleniti quis adipisci quos distinctio aspernatur incidunt inventore.
Milford,BE13361210310266,BE80033363401732,Fri Mar 13 16:43:27 CET 2020,-454.24,EUR,Occaecati earum consequatur quo est quo qui.
Milford,BE13361210310266,BE52531087373356,Sat Feb 29 06:04:32 CET 2020,-3544.71,EUR,Quam sapiente doloribus.
Benny,BE33538283943669,BE71094346244109,Thu Mar 12 22:59:37 CET 2020,-4309.48,EUR,Optio dolor inventore ipsa veniam magni nesciunt.
Benny,BE33538283943669,BE14664676529961,Mon Mar 16 02:05:55 CET 2020,-2466.77,EUR,Saepe eum similique autem fugit exercitationem.
Benny,BE33538283943669,BE53639938119224,Sun Mar 08 21:38:10 CET 2020,-132.66,EUR,Aut quis dolore voluptas vero quisquam nesciunt amet.
Benny,BE33538283943669,BE06265256845332,Wed Mar 04 02:52:02 CET 2020,4324.23,EUR,Consequatur laudantium sunt consequatur quia est.
Gonzalo,BE57671268477400,BE76225359483848,Sun Mar 01 17:37:04 CET 2020,358.92,EUR,Et expedita sit.
Gonzalo,BE57671268477400,BE31486452780472,Tue Mar 10 12:28:01 CET 2020,4608.85,EUR,At et velit voluptas non neque dolores ea.
Gonzalo,BE57671268477400,BE68600254625397,Thu Mar 05 19:00:06 CET 2020,-3777.73,EUR,Quasi et eaque ipsam quis.
Gonzalo,BE57671268477400,BE22831789182170,Fri Mar 13 05:28:33 CET 2020,-358.46,EUR,Minima consequatur vel rerum velit dolorem.
Karl,BE67920140996689,BE65496915199860,Fri Feb 21 10:54:49 CET 2020,-1556.59,EUR,Necessitatibus voluptate et commodi et quia et sit.
Karl,BE67920140996689,BE56500748470369,Mon Feb 24 18:46:15 CET 2020,1914.06,EUR,Eligendi autem repellat deleniti vel ut tempore.
Karl,BE67920140996689,BE19960326058613,Thu Mar 05 07:33:56 CET 2020,-2822.28,EUR,Debitis dignissimos voluptate et et aut et eaque.
Karl,BE67920140996689,BE88492657576118,Mon Mar 02 02:37:12 CET 2020,-1062.73,EUR,In cum quod culpa eaque.
Karl,BE67920140996689,BE53519397086695,Sat Mar 14 07:52:40 CET 2020,3543.11,EUR,Sit fugit nihil.
Karl,BE67920140996689,BE51069960608399,Thu Mar 05 23:09:16 CET 2020,-3062.03,EUR,A assumenda repellat voluptates.
Karl,BE67920140996689,BE18181694274419,Tue Feb 25 10:13:34 CET 2020,-1295.0,EUR,Quam cupiditate corrupti id corporis architecto.
Karl,BE67920140996689,BE35876299670294,Sat Feb 29 19:00:45 CET 2020,4227.21,EUR,Accusantium soluta culpa hic.
Karl,BE67920140996689,BE38118535008894,Sun Mar 08 21:23:47 CET 2020,-3930.21,EUR,Dolorem mollitia inventore non voluptas id officiis.
